[{"authuser":{"userName":"Kamil","login":"Lotos","password":"lotos","user":{"firstName":"Kamil","lastName":"Milej","address":"2 Hawresd"}},"score":0,"gameplayed":0},{"authuser":{"userName":"kmilej","login":"kmilej","password":"123qwe","user":{"firstName":"Kamil","lastName":"Milej","address":"2Haw"}},"score":0,"gameplayed":0},{"authuser":{"userName":"kamil","login":"kamil","password":"123qwe","user":{"firstName":"Kamil","lastName":"Milej","address":"2Haws"}},"score":0,"gameplayed":0},{"authuser":{"userName":"kmilej","login":"kmilej","password":"123qwe","user":{"firstName":"Kamil","lastName":"Milej","address":"2haws"}},"score":0,"gameplayed":0},{"authuser":{"userName":"kmilej","login":"kmilej","password":"123","user":{"firstName":"Kamil","lastName":"Milej","address":"2haws"}},"score":0,"gameplayed":0},{"authuser":{"userName":"Edyta","login":"Edyta","password":"123qwe","user":{"firstName":"Edyta","lastName":"Edyta","address":"2haws"}},"score":175,"gameplayed":13},{"authuser":{"userName":"BKY","login":"brakney","password":"123qwe","user":{"firstName":"Kamil","lastName":"Milej","address":"2Hawks"}},"score":560,"gameplayed":6},{"authuser":{"userName":"krowa","login":"krowa","password":"123qwe","user":{"firstName":"Kamil","lastName":"Milej","address":"2haws"}},"score":353,"gameplayed":15},{"authuser":{"userName":"Gabrielaa","login":"Milejj","password":"gmilej","user":{"firstName":"123qwe","lastName":"123qwe","address":"123qwe"}},"score":100,"gameplayed":0},{"authuser":{"userName":"Gabrielaaa","login":"Milejjj","password":"123qwe","user":{"firstName":"Gabriela","lastName":"Milej","address":"123qwe"}},"score":100,"gameplayed":0},{"authuser":{"userName":"GabbyX123","login":"log123abc","password":"pass123","user":{"firstName":"Gabby","lastName":"Miles","address":"Wonderland"}},"score":100,"gameplayed":0}]