{
    "castle": [
      {
        "img": "/~s2264629/AdvancedWebScripting/public/assets/img/castle_h3.png",
        "name": "Castle",
        "description": "The Castle faction represents the noble and righteous kingdom of Erathia. It is home to brave knights, skilled archers, and powerful angels. The faction emphasizes strong defense, honor, and traditional might.",
        "color": "The architecture features white stone walls, blue and gold banners, and gleaming rooftops, symbolizing purity, valor, and divine protection.",
        "size": "Massive stronghold with tall towers, fortified gates, and a spacious courtyard – built to protect a flourishing human kingdom."
      }
    ]
  }
  